dataset,model,auc,ap,recon
pubmed,baseline,0.7596553060649798,0.800513037372631,1.7676210403442383
pubmed,causal_base,0.9622951054749725,0.9536422222879185,1.2712466716766357
pubmed,causal_sim10,0.9627730550178155,0.9542420662160661,1.274712324142456
pubmed,untrained,0.5363322495404531,0.5202241998897859,29.225744247436523
